Date,CumulativeCases,TimeDays
2020-01-05,0,0
2020-01-06,0,1
2020-01-07,0,2
2020-01-08,0,3
2020-01-09,0,4
2020-01-10,0,5
2020-01-11,0,6
2020-01-12,0,7
2020-01-13,0,8
2020-01-14,0,9
2020-01-15,0,10
2020-01-16,0,11
2020-01-17,0,12
2020-01-18,0,13
2020-01-19,0,14
2020-01-20,0,15
2020-01-21,0,16
2020-01-22,0,17
2020-01-23,0,18
2020-01-24,0,19
2020-01-25,0,20
2020-01-26,0,21
2020-01-27,0,22
2020-01-28,0,23
2020-01-29,0,24
2020-01-30,0,25
2020-01-31,0,26
2020-02-01,0,27
2020-02-02,0,28
2020-02-03,0,29
2020-02-04,0,30
2020-02-05,0,31
2020-02-06,0,32
2020-02-07,0,33
2020-02-08,0,34
2020-02-09,0,35
2020-02-10,0,36
2020-02-11,0,37
2020-02-12,0,38
2020-02-13,0,39
2020-02-14,0,40
2020-02-15,0,41
2020-02-16,0,42
2020-02-17,0,43
2020-02-18,0,44
2020-02-19,0,45
2020-02-20,0,46
2020-02-21,0,47
2020-02-22,0,48
2020-02-23,0,49
2020-02-24,0,50
2020-02-25,0,51
2020-02-26,0,52
2020-02-27,0,53
2020-02-28,0,54
2020-02-29,0,55
2020-03-01,0,56
2020-03-02,0,57
2020-03-03,0,58
2020-03-04,0,59
2020-03-05,0,60
2020-03-06,0,61
2020-03-07,0,62
2020-03-08,3,63
2020-03-09,3,64
2020-03-10,3,65
2020-03-11,3,66
2020-03-12,3,67
2020-03-13,3,68
2020-03-14,3,69
2020-03-15,7,70
2020-03-16,7,71
2020-03-17,7,72
2020-03-18,7,73
2020-03-19,7,74
2020-03-20,7,75
2020-03-21,7,76
2020-03-22,24,77
2020-03-23,24,78
2020-03-24,24,79
2020-03-25,24,80
2020-03-26,24,81
2020-03-27,24,82
2020-03-28,24,83
2020-03-29,48,84
2020-03-30,48,85
2020-03-31,48,86
2020-04-01,48,87
2020-04-02,48,88
2020-04-03,48,89
2020-04-04,48,90
2020-04-05,88,91
2020-04-06,88,92
2020-04-07,88,93
2020-04-08,88,94
2020-04-09,88,95
2020-04-10,88,96
2020-04-11,88,97
2020-04-12,621,98
2020-04-13,621,99
2020-04-14,621,100
2020-04-15,621,101
2020-04-16,621,102
2020-04-17,621,103
2020-04-18,621,104
2020-04-19,2456,105
2020-04-20,2456,106
2020-04-21,2456,107
2020-04-22,2456,108
2020-04-23,2456,109
2020-04-24,2456,110
2020-04-25,2456,111
2020-04-26,5416,112
2020-04-27,5416,113
2020-04-28,5416,114
2020-04-29,5416,115
2020-04-30,5416,116
2020-05-01,5416,117
2020-05-02,5416,118
2020-05-03,9455,119
2020-05-04,9455,120
2020-05-05,9455,121
2020-05-06,9455,122
2020-05-07,9455,123
2020-05-08,9455,124
2020-05-09,9455,125
2020-05-10,14657,126
2020-05-11,14657,127
2020-05-12,14657,128
2020-05-13,14657,129
2020-05-14,14657,130
2020-05-15,14657,131
2020-05-16,14657,132
2020-05-17,22268,133
2020-05-18,22268,134
2020-05-19,22268,135
2020-05-20,22268,136
2020-05-21,22268,137
2020-05-22,22268,138
2020-05-23,22268,139
2020-05-24,33610,140
2020-05-25,33610,141
2020-05-26,33610,142
2020-05-27,33610,143
2020-05-28,33610,144
2020-05-29,33610,145
2020-05-30,33610,146
2020-05-31,47153,147
2020-06-01,47153,148
2020-06-02,47153,149
2020-06-03,47153,150
2020-06-04,47153,151
2020-06-05,47153,152
2020-06-06,47153,153
2020-06-07,65769,154
2020-06-08,65769,155
2020-06-09,65769,156
2020-06-10,65769,157
2020-06-11,65769,158
2020-06-12,65769,159
2020-06-13,65769,160
2020-06-14,87520,161
2020-06-15,87520,162
2020-06-16,87520,163
2020-06-17,87520,164
2020-06-18,87520,165
2020-06-19,87520,166
2020-06-20,87520,167
2020-06-21,112306,168
2020-06-22,112306,169
2020-06-23,112306,170
2020-06-24,112306,171
2020-06-25,112306,172
2020-06-26,112306,173
2020-06-27,112306,174
2020-06-28,137787,175
2020-06-29,137787,176
2020-06-30,137787,177
2020-07-01,137787,178
2020-07-02,137787,179
2020-07-03,137787,180
2020-07-04,137787,181
2020-07-05,162417,182
2020-07-06,162417,183
2020-07-07,162417,184
2020-07-08,162417,185
2020-07-09,162417,186
2020-07-10,162417,187
2020-07-11,162417,188
2020-07-12,183795,189
2020-07-13,183795,190
2020-07-14,183795,191
2020-07-15,183795,192
2020-07-16,183795,193
2020-07-17,183795,194
2020-07-18,183795,195
2020-07-19,204525,196
2020-07-20,204525,197
2020-07-21,204525,198
2020-07-22,204525,199
2020-07-23,204525,200
2020-07-24,204525,201
2020-07-25,204525,202
2020-07-26,223453,203
2020-07-27,223453,204
2020-07-28,223453,205
2020-07-29,223453,206
2020-07-30,223453,207
2020-07-31,223453,208
2020-08-01,223453,209
2020-08-02,240746,210
2020-08-03,240746,211
2020-08-04,240746,212
2020-08-05,240746,213
2020-08-06,240746,214
2020-08-07,240746,215
2020-08-08,240746,216
2020-08-09,257600,217
2020-08-10,257600,218
2020-08-11,257600,219
2020-08-12,257600,220
2020-08-13,257600,221
2020-08-14,257600,222
2020-08-15,257600,223
2020-08-16,276549,224
2020-08-17,276549,225
2020-08-18,276549,226
2020-08-19,276549,227
2020-08-20,276549,228
2020-08-21,276549,229
2020-08-22,276549,230
2020-08-23,294598,231
2020-08-24,294598,232
2020-08-25,294598,233
2020-08-26,294598,234
2020-08-27,294598,235
2020-08-28,294598,236
2020-08-29,294598,237
2020-08-30,310822,238
2020-08-31,310822,239
2020-09-01,310822,240
2020-09-02,310822,241
2020-09-03,310822,242
2020-09-04,310822,243
2020-09-05,310822,244
2020-09-06,325157,245
2020-09-07,325157,246
2020-09-08,325157,247
2020-09-09,325157,248
2020-09-10,325157,249
2020-09-11,325157,250
2020-09-12,325157,251
2020-09-13,337520,252
2020-09-14,337520,253
2020-09-15,337520,254
2020-09-16,337520,255
2020-09-17,337520,256
2020-09-18,337520,257
2020-09-19,337520,258
2020-09-20,348916,259
2020-09-21,348916,260
2020-09-22,348916,261
2020-09-23,348916,262
2020-09-24,348916,263
2020-09-25,348916,264
2020-09-26,348916,265
2020-09-27,359148,266
2020-09-28,359148,267
2020-09-29,359148,268
2020-09-30,359148,269
2020-10-01,359148,270
2020-10-02,359148,271
2020-10-03,359148,272
2020-10-04,368690,273
2020-10-05,368690,274
2020-10-06,368690,275
2020-10-07,368690,276
2020-10-08,368690,277
2020-10-09,368690,278
2020-10-10,368690,279
2020-10-11,378266,280
2020-10-12,378266,281
2020-10-13,378266,282
2020-10-14,378266,283
2020-10-15,378266,284
2020-10-16,378266,285
2020-10-17,378266,286
2020-10-18,388569,287
2020-10-19,388569,288
2020-10-20,388569,289
2020-10-21,388569,290
2020-10-22,388569,291
2020-10-23,388569,292
2020-10-24,388569,293
2020-10-25,398815,294
2020-10-26,398815,295
2020-10-27,398815,296
2020-10-28,398815,297
2020-10-29,398815,298
2020-10-30,398815,299
2020-10-31,398815,300
2020-11-01,409252,301
2020-11-02,409252,302
2020-11-03,409252,303
2020-11-04,409252,304
2020-11-05,409252,305
2020-11-06,409252,306
2020-11-07,409252,307
2020-11-08,420238,308
2020-11-09,420238,309
2020-11-10,420238,310
2020-11-11,420238,311
2020-11-12,420238,312
2020-11-13,420238,313
2020-11-14,420238,314
2020-11-15,432333,315
2020-11-16,432333,316
2020-11-17,432333,317
2020-11-18,432333,318
2020-11-19,432333,319
2020-11-20,432333,320
2020-11-21,432333,321
2020-11-22,447341,322
2020-11-23,447341,323
2020-11-24,447341,324
2020-11-25,447341,325
2020-11-26,447341,326
2020-11-27,447341,327
2020-11-28,447341,328
2020-11-29,462407,329
2020-11-30,462407,330
2020-12-01,462407,331
2020-12-02,462407,332
2020-12-03,462407,333
2020-12-04,462407,334
2020-12-05,462407,335
2020-12-06,477545,336
2020-12-07,477545,337
2020-12-08,477545,338
2020-12-09,477545,339
2020-12-10,477545,340
2020-12-11,477545,341
2020-12-12,477545,342
2020-12-13,490533,343
2020-12-14,490533,344
2020-12-15,490533,345
2020-12-16,490533,346
2020-12-17,490533,347
2020-12-18,490533,348
2020-12-19,490533,349
2020-12-20,500713,350
2020-12-21,500713,351
2020-12-22,500713,352
2020-12-23,500713,353
2020-12-24,500713,354
2020-12-25,500713,355
2020-12-26,500713,356
2020-12-27,509148,357
2020-12-28,509148,358
2020-12-29,509148,359
2020-12-30,509148,360
2020-12-31,509148,361
2021-01-01,509148,362
2021-01-02,509148,363
2021-01-03,516019,364
2021-01-04,516019,365
2021-01-05,516019,366
2021-01-06,516019,367
2021-01-07,516019,368
2021-01-08,516019,369
2021-01-09,516019,370
2021-01-10,522453,371
2021-01-11,522453,372
2021-01-12,522453,373
2021-01-13,522453,374
2021-01-14,522453,375
2021-01-15,522453,376
2021-01-16,522453,377
2021-01-17,527632,378
2021-01-18,527632,379
2021-01-19,527632,380
2021-01-20,527632,381
2021-01-21,527632,382
2021-01-22,527632,383
2021-01-23,527632,384
2021-01-24,531799,385
2021-01-25,531799,386
2021-01-26,531799,387
2021-01-27,531799,388
2021-01-28,531799,389
2021-01-29,531799,390
2021-01-30,531799,391
2021-01-31,535139,392
2021-02-01,535139,393
2021-02-02,535139,394
2021-02-03,535139,395
2021-02-04,535139,396
2021-02-05,535139,397
2021-02-06,535139,398
2021-02-07,538062,399
2021-02-08,538062,400
2021-02-09,538062,401
2021-02-10,538062,402
2021-02-11,538062,403
2021-02-12,538062,404
2021-02-13,538062,405
2021-02-14,540592,406
2021-02-15,540592,407
2021-02-16,540592,408
2021-02-17,540592,409
2021-02-18,540592,410
2021-02-19,540592,411
2021-02-20,540592,412
2021-02-21,543351,413
2021-02-22,543351,414
2021-02-23,543351,415
2021-02-24,543351,416
2021-02-25,543351,417
2021-02-26,543351,418
2021-02-27,543351,419
2021-02-28,546216,420
2021-03-01,546216,421
2021-03-02,546216,422
2021-03-03,546216,423
2021-03-04,546216,424
2021-03-05,546216,425
2021-03-06,546216,426
2021-03-07,550330,427
2021-03-08,550330,428
2021-03-09,550330,429
2021-03-10,550330,430
2021-03-11,550330,431
2021-03-12,550330,432
2021-03-13,550330,433
2021-03-14,557395,434
2021-03-15,557395,435
2021-03-16,557395,436
2021-03-17,557395,437
2021-03-18,557395,438
2021-03-19,557395,439
2021-03-20,557395,440
2021-03-21,570878,441
2021-03-22,570878,442
2021-03-23,570878,443
2021-03-24,570878,444
2021-03-25,570878,445
2021-03-26,570878,446
2021-03-27,570878,447
2021-03-28,595714,448
2021-03-29,595714,449
2021-03-30,595714,450
2021-03-31,595714,451
2021-04-01,595714,452
2021-04-02,595714,453
2021-04-03,595714,454
2021-04-04,637364,455
2021-04-05,637364,456
2021-04-06,637364,457
2021-04-07,637364,458
2021-04-08,637364,459
2021-04-09,637364,460
2021-04-10,637364,461
2021-04-11,684756,462
2021-04-12,684756,463
2021-04-13,684756,464
2021-04-14,684756,465
2021-04-15,684756,466
2021-04-16,684756,467
2021-04-17,684756,468
2021-04-18,718950,469
2021-04-19,718950,470
2021-04-20,718950,471
2021-04-21,718950,472
2021-04-22,718950,473
2021-04-23,718950,474
2021-04-24,718950,475
2021-04-25,745322,476
2021-04-26,745322,477
2021-04-27,745322,478
2021-04-28,745322,479
2021-04-29,745322,480
2021-04-30,745322,481
2021-05-01,745322,482
2021-05-02,761943,483
2021-05-03,761943,484
2021-05-04,761943,485
2021-05-05,761943,486
2021-05-06,761943,487
2021-05-07,761943,488
2021-05-08,761943,489
2021-05-09,773513,490
2021-05-10,773513,491
2021-05-11,773513,492
2021-05-12,773513,493
2021-05-13,773513,494
2021-05-14,773513,495
2021-05-15,773513,496
2021-05-16,780159,497
2021-05-17,780159,498
2021-05-18,780159,499
2021-05-19,780159,500
2021-05-20,780159,501
2021-05-21,780159,502
2021-05-22,780159,503
2021-05-23,789080,504
2021-05-24,789080,505
2021-05-25,789080,506
2021-05-26,789080,507
2021-05-27,789080,508
2021-05-28,789080,509
2021-05-29,789080,510
2021-05-30,798830,511
2021-05-31,798830,512
2021-06-01,798830,513
2021-06-02,798830,514
2021-06-03,798830,515
2021-06-04,798830,516
2021-06-05,798830,517
2021-06-06,810990,518
2021-06-07,810990,519
2021-06-08,810990,520
2021-06-09,810990,521
2021-06-10,810990,522
2021-06-11,810990,523
2021-06-12,810990,524
2021-06-13,826922,525
2021-06-14,826922,526
2021-06-15,826922,527
2021-06-16,826922,528
2021-06-17,826922,529
2021-06-18,826922,530
2021-06-19,826922,531
2021-06-20,851668,532
2021-06-21,851668,533
2021-06-22,851668,534
2021-06-23,851668,535
2021-06-24,851668,536
2021-06-25,851668,537
2021-06-26,851668,538
2021-06-27,888406,539
2021-06-28,888406,540
2021-06-29,888406,541
2021-06-30,888406,542
2021-07-01,888406,543
2021-07-02,888406,544
2021-07-03,888406,545
2021-07-04,944917,546
2021-07-05,944917,547
2021-07-06,944917,548
2021-07-07,944917,549
2021-07-08,944917,550
2021-07-09,944917,551
2021-07-10,944917,552
2021-07-11,1021189,553
2021-07-12,1021189,554
2021-07-13,1021189,555
2021-07-14,1021189,556
2021-07-15,1021189,557
2021-07-16,1021189,558
2021-07-17,1021189,559
2021-07-18,1103989,560
2021-07-19,1103989,561
2021-07-20,1103989,562
2021-07-21,1103989,563
2021-07-22,1103989,564
2021-07-23,1103989,565
2021-07-24,1103989,566
2021-07-25,1164635,567
2021-07-26,1164635,568
2021-07-27,1164635,569
2021-07-28,1164635,570
2021-07-29,1164635,571
2021-07-30,1164635,572
2021-07-31,1164635,573
2021-08-01,1264328,574
2021-08-02,1264328,575
2021-08-03,1264328,576
2021-08-04,1264328,577
2021-08-05,1264328,578
2021-08-06,1264328,579
2021-08-07,1264328,580
2021-08-08,1353695,581
2021-08-09,1353695,582
2021-08-10,1353695,583
2021-08-11,1353695,584
2021-08-12,1353695,585
2021-08-13,1353695,586
2021-08-14,1353695,587
2021-08-15,1418902,588
2021-08-16,1418902,589
2021-08-17,1418902,590
2021-08-18,1418902,591
2021-08-19,1418902,592
2021-08-20,1418902,593
2021-08-21,1418902,594
2021-08-22,1461998,595
2021-08-23,1461998,596
2021-08-24,1461998,597
2021-08-25,1461998,598
2021-08-26,1461998,599
2021-08-27,1461998,600
2021-08-28,1461998,601
2021-08-29,1493537,602
2021-08-30,1493537,603
2021-08-31,1493537,604
2021-09-01,1493537,605
2021-09-02,1493537,606
2021-09-03,1493537,607
2021-09-04,1493537,608
2021-09-05,1514456,609
2021-09-06,1514456,610
2021-09-07,1514456,611
2021-09-08,1514456,612
2021-09-09,1514456,613
2021-09-10,1514456,614
2021-09-11,1514456,615
2021-09-12,1530413,616
2021-09-13,1530413,617
2021-09-14,1530413,618
2021-09-15,1530413,619
2021-09-16,1530413,620
2021-09-17,1530413,621
2021-09-18,1530413,622
2021-09-19,1542683,623
2021-09-20,1542683,624
2021-09-21,1542683,625
2021-09-22,1542683,626
2021-09-23,1542683,627
2021-09-24,1542683,628
2021-09-25,1542683,629
2021-09-26,1551351,630
2021-09-27,1551351,631
2021-09-28,1551351,632
2021-09-29,1551351,633
2021-09-30,1551351,634
2021-10-01,1551351,635
2021-10-02,1551351,636
2021-10-03,1557964,637
2021-10-04,1557964,638
2021-10-05,1557964,639
2021-10-06,1557964,640
2021-10-07,1557964,641
2021-10-08,1557964,642
2021-10-09,1557964,643
2021-10-10,1562359,644
2021-10-11,1562359,645
2021-10-12,1562359,646
2021-10-13,1562359,647
2021-10-14,1562359,648
2021-10-15,1562359,649
2021-10-16,1562359,650
2021-10-17,1565488,651
2021-10-18,1565488,652
2021-10-19,1565488,653
2021-10-20,1565488,654
2021-10-21,1565488,655
2021-10-22,1565488,656
2021-10-23,1565488,657
2021-10-24,1567692,658
2021-10-25,1567692,659
2021-10-26,1567692,660
2021-10-27,1567692,661
2021-10-28,1567692,662
2021-10-29,1567692,663
2021-10-30,1567692,664
2021-10-31,1569539,665
2021-11-01,1569539,666
2021-11-02,1569539,667
2021-11-03,1569539,668
2021-11-04,1569539,669
2021-11-05,1569539,670
2021-11-06,1569539,671
2021-11-07,1571013,672
2021-11-08,1571013,673
2021-11-09,1571013,674
2021-11-10,1571013,675
2021-11-11,1571013,676
2021-11-12,1571013,677
2021-11-13,1571013,678
2021-11-14,1572501,679
2021-11-15,1572501,680
2021-11-16,1572501,681
2021-11-17,1572501,682
2021-11-18,1572501,683
2021-11-19,1572501,684
2021-11-20,1572501,685
2021-11-21,1574088,686
2021-11-22,1574088,687
2021-11-23,1574088,688
2021-11-24,1574088,689
2021-11-25,1574088,690
2021-11-26,1574088,691
2021-11-27,1574088,692
2021-11-28,1575784,693
2021-11-29,1575784,694
2021-11-30,1575784,695
2021-12-01,1575784,696
2021-12-02,1575784,697
2021-12-03,1575784,698
2021-12-04,1575784,699
2021-12-05,1577443,700
2021-12-06,1577443,701
2021-12-07,1577443,702
2021-12-08,1577443,703
2021-12-09,1577443,704
2021-12-10,1577443,705
2021-12-11,1577443,706
2021-12-12,1579325,707
2021-12-13,1579325,708
2021-12-14,1579325,709
2021-12-15,1579325,710
2021-12-16,1579325,711
2021-12-17,1579325,712
2021-12-18,1579325,713
2021-12-19,1581083,714
2021-12-20,1581083,715
2021-12-21,1581083,716
2021-12-22,1581083,717
2021-12-23,1581083,718
2021-12-24,1581083,719
2021-12-25,1581083,720
2021-12-26,1583253,721
2021-12-27,1583253,722
2021-12-28,1583253,723
2021-12-29,1583253,724
2021-12-30,1583253,725
2021-12-31,1583253,726
2022-01-01,1583253,727
2022-01-02,1586466,728
2022-01-03,1586466,729
2022-01-04,1586466,730
2022-01-05,1586466,731
2022-01-06,1586466,732
2022-01-07,1586466,733
2022-01-08,1586466,734
2022-01-09,1593700,735
2022-01-10,1593700,736
2022-01-11,1593700,737
2022-01-12,1593700,738
2022-01-13,1593700,739
2022-01-14,1593700,740
2022-01-15,1593700,741
2022-01-16,1617711,742
2022-01-17,1617711,743
2022-01-18,1617711,744
2022-01-19,1617711,745
2022-01-20,1617711,746
2022-01-21,1617711,747
2022-01-22,1617711,748
2022-01-23,1685136,749
2022-01-24,1685136,750
2022-01-25,1685136,751
2022-01-26,1685136,752
2022-01-27,1685136,753
2022-01-28,1685136,754
2022-01-29,1685136,755
2022-01-30,1785332,756
2022-01-31,1785332,757
2022-02-01,1785332,758
2022-02-02,1785332,759
2022-02-03,1785332,760
2022-02-04,1785332,761
2022-02-05,1785332,762
2022-02-06,1861532,763
2022-02-07,1861532,764
2022-02-08,1861532,765
2022-02-09,1861532,766
2022-02-10,1861532,767
2022-02-11,1861532,768
2022-02-12,1861532,769
2022-02-13,1909664,770
2022-02-14,1909664,771
2022-02-15,1909664,772
2022-02-16,1909664,773
2022-02-17,1909664,774
2022-02-18,1909664,775
2022-02-19,1909664,776
2022-02-20,1933291,777
2022-02-21,1933291,778
2022-02-22,1933291,779
2022-02-23,1933291,780
2022-02-24,1933291,781
2022-02-25,1933291,782
2022-02-26,1933291,783
2022-02-27,1942680,784
2022-02-28,1942680,785
2022-03-01,1942680,786
2022-03-02,1942680,787
2022-03-03,1942680,788
2022-03-04,1942680,789
2022-03-05,1942680,790
2022-03-06,1947266,791
2022-03-07,1947266,792
2022-03-08,1947266,793
2022-03-09,1947266,794
2022-03-10,1947266,795
2022-03-11,1947266,796
2022-03-12,1947266,797
2022-03-13,1949486,798
2022-03-14,1949486,799
2022-03-15,1949486,800
2022-03-16,1949486,801
2022-03-17,1949486,802
2022-03-18,1949486,803
2022-03-19,1949486,804
2022-03-20,1950609,805
2022-03-21,1950609,806
2022-03-22,1950609,807
2022-03-23,1950609,808
2022-03-24,1950609,809
2022-03-25,1950609,810
2022-03-26,1950609,811
2022-03-27,1951282,812
2022-03-28,1951282,813
2022-03-29,1951282,814
2022-03-30,1951282,815
2022-03-31,1951282,816
2022-04-01,1951282,817
2022-04-02,1951282,818
2022-04-03,1951770,819
2022-04-04,1951770,820
2022-04-05,1951770,821
2022-04-06,1951770,822
2022-04-07,1951770,823
2022-04-08,1951770,824
2022-04-09,1951770,825
2022-04-10,1952065,826
2022-04-11,1952065,827
2022-04-12,1952065,828
2022-04-13,1952065,829
2022-04-14,1952065,830
2022-04-15,1952065,831
2022-04-16,1952065,832
2022-04-17,1952326,833
2022-04-18,1952326,834
2022-04-19,1952326,835
2022-04-20,1952326,836
2022-04-21,1952326,837
2022-04-22,1952326,838
2022-04-23,1952326,839
2022-04-24,1952556,840
2022-04-25,1952556,841
2022-04-26,1952556,842
2022-04-27,1952556,843
2022-04-28,1952556,844
2022-04-29,1952556,845
2022-04-30,1952556,846
2022-05-01,1952716,847
2022-05-02,1952716,848
2022-05-03,1952716,849
2022-05-04,1952716,850
2022-05-05,1952716,851
2022-05-06,1952716,852
2022-05-07,1952716,853
2022-05-08,1952799,854
2022-05-09,1952799,855
2022-05-10,1952799,856
2022-05-11,1952799,857
2022-05-12,1952799,858
2022-05-13,1952799,859
2022-05-14,1952799,860
2022-05-15,1953012,861
2022-05-16,1953012,862
2022-05-17,1953012,863
2022-05-18,1953012,864
2022-05-19,1953012,865
2022-05-20,1953012,866
2022-05-21,1953012,867
2022-05-22,1953204,868
2022-05-23,1953204,869
2022-05-24,1953204,870
2022-05-25,1953204,871
2022-05-26,1953204,872
2022-05-27,1953204,873
2022-05-28,1953204,874
2022-05-29,1953407,875
2022-05-30,1953407,876
2022-05-31,1953407,877
2022-06-01,1953407,878
2022-06-02,1953407,879
2022-06-03,1953407,880
2022-06-04,1953407,881
2022-06-05,1953623,882
2022-06-06,1953623,883
2022-06-07,1953623,884
2022-06-08,1953623,885
2022-06-09,1953623,886
2022-06-10,1953623,887
2022-06-11,1953623,888
2022-06-12,1954115,889
2022-06-13,1954115,890
2022-06-14,1954115,891
2022-06-15,1954115,892
2022-06-16,1954115,893
2022-06-17,1954115,894
2022-06-18,1954115,895
2022-06-19,1956327,896
2022-06-20,1956327,897
2022-06-21,1956327,898
2022-06-22,1956327,899
2022-06-23,1956327,900
2022-06-24,1956327,901
2022-06-25,1956327,902
2022-06-26,1965173,903
2022-06-27,1965173,904
2022-06-28,1965173,905
2022-06-29,1965173,906
2022-06-30,1965173,907
2022-07-01,1965173,908
2022-07-02,1965173,909
2022-07-03,1978689,910
2022-07-04,1978689,911
2022-07-05,1978689,912
2022-07-06,1978689,913
2022-07-07,1978689,914
2022-07-08,1978689,915
2022-07-09,1978689,916
2022-07-10,1989854,917
2022-07-11,1989854,918
2022-07-12,1989854,919
2022-07-13,1989854,920
2022-07-14,1989854,921
2022-07-15,1989854,922
2022-07-16,1989854,923
2022-07-17,1996340,924
2022-07-18,1996340,925
2022-07-19,1996340,926
2022-07-20,1996340,927
2022-07-21,1996340,928
2022-07-22,1996340,929
2022-07-23,1996340,930
2022-07-24,2001775,931
2022-07-25,2001775,932
2022-07-26,2001775,933
2022-07-27,2001775,934
2022-07-28,2001775,935
2022-07-29,2001775,936
2022-07-30,2001775,937
2022-07-31,2005257,938
2022-08-01,2005257,939
2022-08-02,2005257,940
2022-08-03,2005257,941
2022-08-04,2005257,942
2022-08-05,2005257,943
2022-08-06,2005257,944
2022-08-07,2007335,945
2022-08-08,2007335,946
2022-08-09,2007335,947
2022-08-10,2007335,948
2022-08-11,2007335,949
2022-08-12,2007335,950
2022-08-13,2007335,951
2022-08-14,2008870,952
2022-08-15,2008870,953
2022-08-16,2008870,954
2022-08-17,2008870,955
2022-08-18,2008870,956
2022-08-19,2008870,957
2022-08-20,2008870,958
2022-08-21,2009970,959
2022-08-22,2009970,960
2022-08-23,2009970,961
2022-08-24,2009970,962
2022-08-25,2009970,963
2022-08-26,2009970,964
2022-08-27,2009970,965
2022-08-28,2011317,966
2022-08-29,2011317,967
2022-08-30,2011317,968
2022-08-31,2011317,969
2022-09-01,2011317,970
2022-09-02,2011317,971
2022-09-03,2011317,972
2022-09-04,2012761,973
2022-09-05,2012761,974
2022-09-06,2012761,975
2022-09-07,2012761,976
2022-09-08,2012761,977
2022-09-09,2012761,978
2022-09-10,2012761,979
2022-09-11,2014887,980
2022-09-12,2014887,981
2022-09-13,2014887,982
2022-09-14,2014887,983
2022-09-15,2014887,984
2022-09-16,2014887,985
2022-09-17,2014887,986
2022-09-18,2017614,987
2022-09-19,2017614,988
2022-09-20,2017614,989
2022-09-21,2017614,990
2022-09-22,2017614,991
2022-09-23,2017614,992
2022-09-24,2017614,993
2022-09-25,2021690,994
2022-09-26,2021690,995
2022-09-27,2021690,996
2022-09-28,2021690,997
2022-09-29,2021690,998
2022-09-30,2021690,999
2022-10-01,2021690,1000
2022-10-02,2026212,1001
2022-10-03,2026212,1002
2022-10-04,2026212,1003
2022-10-05,2026212,1004
2022-10-06,2026212,1005
2022-10-07,2026212,1006
2022-10-08,2026212,1007
2022-10-09,2029723,1008
2022-10-10,2029723,1009
2022-10-11,2029723,1010
2022-10-12,2029723,1011
2022-10-13,2029723,1012
2022-10-14,2029723,1013
2022-10-15,2029723,1014
2022-10-16,2032443,1015
2022-10-17,2032443,1016
2022-10-18,2032443,1017
2022-10-19,2032443,1018
2022-10-20,2032443,1019
2022-10-21,2032443,1020
2022-10-22,2032443,1021
2022-10-23,2034141,1022
2022-10-24,2034141,1023
2022-10-25,2034141,1024
2022-10-26,2034141,1025
2022-10-27,2034141,1026
2022-10-28,2034141,1027
2022-10-29,2034141,1028
2022-10-30,2035152,1029
2022-10-31,2035152,1030
2022-11-01,2035152,1031
2022-11-02,2035152,1032
2022-11-03,2035152,1033
2022-11-04,2035152,1034
2022-11-05,2035152,1035
2022-11-06,2035828,1036
2022-11-07,2035828,1037
2022-11-08,2035828,1038
2022-11-09,2035828,1039
2022-11-10,2035828,1040
2022-11-11,2035828,1041
2022-11-12,2035828,1042
2022-11-13,2036166,1043
2022-11-14,2036166,1044
2022-11-15,2036166,1045
2022-11-16,2036166,1046
2022-11-17,2036166,1047
2022-11-18,2036166,1048
2022-11-19,2036166,1049
2022-11-20,2036367,1050
2022-11-21,2036367,1051
2022-11-22,2036367,1052
2022-11-23,2036367,1053
2022-11-24,2036367,1054
2022-11-25,2036367,1055
2022-11-26,2036367,1056
2022-11-27,2036527,1057
2022-11-28,2036527,1058
2022-11-29,2036527,1059
2022-11-30,2036527,1060
2022-12-01,2036527,1061
2022-12-02,2036527,1062
2022-12-03,2036527,1063
2022-12-04,2036637,1064
2022-12-05,2036637,1065
2022-12-06,2036637,1066
2022-12-07,2036637,1067
2022-12-08,2036637,1068
2022-12-09,2036637,1069
2022-12-10,2036637,1070
2022-12-11,2036806,1071
2022-12-12,2036806,1072
2022-12-13,2036806,1073
2022-12-14,2036806,1074
2022-12-15,2036806,1075
2022-12-16,2036806,1076
2022-12-17,2036806,1077
2022-12-18,2036928,1078
2022-12-19,2036928,1079
2022-12-20,2036928,1080
2022-12-21,2036928,1081
2022-12-22,2036928,1082
2022-12-23,2036928,1083
2022-12-24,2036928,1084
2022-12-25,2037024,1085
2022-12-26,2037024,1086
2022-12-27,2037024,1087
2022-12-28,2037024,1088
2022-12-29,2037024,1089
2022-12-30,2037024,1090
2022-12-31,2037024,1091
2023-01-01,2037142,1092
2023-01-02,2037142,1093
2023-01-03,2037142,1094
2023-01-04,2037142,1095
2023-01-05,2037142,1096
2023-01-06,2037142,1097
2023-01-07,2037142,1098
2023-01-08,2037267,1099
2023-01-09,2037267,1100
2023-01-10,2037267,1101
2023-01-11,2037267,1102
2023-01-12,2037267,1103
2023-01-13,2037267,1104
2023-01-14,2037267,1105
2023-01-15,2037368,1106
2023-01-16,2037368,1107
2023-01-17,2037368,1108
2023-01-18,2037368,1109
2023-01-19,2037368,1110
2023-01-20,2037368,1111
2023-01-21,2037368,1112
2023-01-22,2037444,1113
2023-01-23,2037444,1114
2023-01-24,2037444,1115
2023-01-25,2037444,1116
2023-01-26,2037444,1117
2023-01-27,2037444,1118
2023-01-28,2037444,1119
2023-01-29,2037532,1120
2023-01-30,2037532,1121
2023-01-31,2037532,1122
2023-02-01,2037532,1123
2023-02-02,2037532,1124
2023-02-03,2037532,1125
2023-02-04,2037532,1126
2023-02-05,2037609,1127
2023-02-06,2037609,1128
2023-02-07,2037609,1129
2023-02-08,2037609,1130
2023-02-09,2037609,1131
2023-02-10,2037609,1132
2023-02-11,2037609,1133
2023-02-12,2037679,1134
2023-02-13,2037679,1135
2023-02-14,2037679,1136
2023-02-15,2037679,1137
2023-02-16,2037679,1138
2023-02-17,2037679,1139
2023-02-18,2037679,1140
2023-02-19,2037750,1141
2023-02-20,2037750,1142
2023-02-21,2037750,1143
2023-02-22,2037750,1144
2023-02-23,2037750,1145
2023-02-24,2037750,1146
2023-02-25,2037750,1147
2023-02-26,2037808,1148
2023-02-27,2037808,1149
2023-02-28,2037808,1150
2023-03-01,2037808,1151
2023-03-02,2037808,1152
2023-03-03,2037808,1153
2023-03-04,2037808,1154
2023-03-05,2037865,1155
2023-03-06,2037865,1156
2023-03-07,2037865,1157
2023-03-08,2037865,1158
2023-03-09,2037865,1159
2023-03-10,2037865,1160
2023-03-11,2037865,1161
2023-03-12,2037922,1162
2023-03-13,2037922,1163
2023-03-14,2037922,1164
2023-03-15,2037922,1165
2023-03-16,2037922,1166
2023-03-17,2037922,1167
2023-03-18,2037922,1168
2023-03-19,2037969,1169
2023-03-20,2037969,1170
2023-03-21,2037969,1171
2023-03-22,2037969,1172
2023-03-23,2037969,1173
2023-03-24,2037969,1174
2023-03-25,2037969,1175
2023-03-26,2038001,1176
2023-03-27,2038001,1177
2023-03-28,2038001,1178
2023-03-29,2038001,1179
2023-03-30,2038001,1180
2023-03-31,2038001,1181
2023-04-01,2038001,1182
2023-04-02,2038038,1183
2023-04-03,2038038,1184
2023-04-04,2038038,1185
2023-04-05,2038038,1186
2023-04-06,2038038,1187
2023-04-07,2038038,1188
2023-04-08,2038038,1189
2023-04-09,2038078,1190
2023-04-10,2038078,1191
2023-04-11,2038078,1192
2023-04-12,2038078,1193
2023-04-13,2038078,1194
2023-04-14,2038078,1195
2023-04-15,2038078,1196
2023-04-16,2038116,1197
2023-04-17,2038116,1198
2023-04-18,2038116,1199
2023-04-19,2038116,1200
2023-04-20,2038116,1201
2023-04-21,2038116,1202
2023-04-22,2038116,1203
2023-04-23,2038154,1204
2023-04-24,2038154,1205
2023-04-25,2038154,1206
2023-04-26,2038154,1207
2023-04-27,2038154,1208
2023-04-28,2038154,1209
2023-04-29,2038154,1210
2023-04-30,2038232,1211
2023-05-01,2038232,1212
2023-05-02,2038232,1213
2023-05-03,2038232,1214
2023-05-04,2038232,1215
2023-05-05,2038232,1216
2023-05-06,2038232,1217
2023-05-07,2038338,1218
2023-05-08,2038338,1219
2023-05-09,2038338,1220
2023-05-10,2038338,1221
2023-05-11,2038338,1222
2023-05-12,2038338,1223
2023-05-13,2038338,1224
2023-05-14,2038478,1225
2023-05-15,2038478,1226
2023-05-16,2038478,1227
2023-05-17,2038478,1228
2023-05-18,2038478,1229
2023-05-19,2038478,1230
2023-05-20,2038478,1231
2023-05-21,2038626,1232
2023-05-22,2038626,1233
2023-05-23,2038626,1234
2023-05-24,2038626,1235
2023-05-25,2038626,1236
2023-05-26,2038626,1237
2023-05-27,2038626,1238
2023-05-28,2038971,1239
2023-05-29,2038971,1240
2023-05-30,2038971,1241
2023-05-31,2038971,1242
2023-06-01,2038971,1243
2023-06-02,2038971,1244
2023-06-03,2038971,1245
2023-06-04,2039639,1246
2023-06-05,2039639,1247
2023-06-06,2039639,1248
2023-06-07,2039639,1249
2023-06-08,2039639,1250
2023-06-09,2039639,1251
2023-06-10,2039639,1252
2023-06-11,2040470,1253
2023-06-12,2040470,1254
2023-06-13,2040470,1255
2023-06-14,2040470,1256
2023-06-15,2040470,1257
2023-06-16,2040470,1258
2023-06-17,2040470,1259
2023-06-18,2041470,1260
2023-06-19,2041470,1261
2023-06-20,2041470,1262
2023-06-21,2041470,1263
2023-06-22,2041470,1264
2023-06-23,2041470,1265
2023-06-24,2041470,1266
2023-06-25,2042252,1267
2023-06-26,2042252,1268
2023-06-27,2042252,1269
2023-06-28,2042252,1270
2023-06-29,2042252,1271
2023-06-30,2042252,1272
2023-07-01,2042252,1273
2023-07-02,2042702,1274
2023-07-03,2042702,1275
2023-07-04,2042702,1276
2023-07-05,2042702,1277
2023-07-06,2042702,1278
2023-07-07,2042702,1279
2023-07-08,2042702,1280
2023-07-09,2043161,1281
2023-07-10,2043161,1282
2023-07-11,2043161,1283
2023-07-12,2043161,1284
2023-07-13,2043161,1285
2023-07-14,2043161,1286
2023-07-15,2043161,1287
2023-07-16,2043577,1288
2023-07-17,2043577,1289
2023-07-18,2043577,1290
2023-07-19,2043577,1291
2023-07-20,2043577,1292
2023-07-21,2043577,1293
2023-07-22,2043577,1294
2023-07-23,2043971,1295
2023-07-24,2043971,1296
2023-07-25,2043971,1297
2023-07-26,2043971,1298
2023-07-27,2043971,1299
2023-07-28,2043971,1300
2023-07-29,2043971,1301
2023-07-30,2044410,1302
2023-07-31,2044410,1303
2023-08-01,2044410,1304
2023-08-02,2044410,1305
2023-08-03,2044410,1306
2023-08-04,2044410,1307
2023-08-05,2044410,1308
2023-08-06,2044779,1309
2023-08-07,2044779,1310
2023-08-08,2044779,1311
2023-08-09,2044779,1312
2023-08-10,2044779,1313
2023-08-11,2044779,1314
2023-08-12,2044779,1315
2023-08-13,2044997,1316
2023-08-14,2044997,1317
2023-08-15,2044997,1318
2023-08-16,2044997,1319
2023-08-17,2044997,1320
2023-08-18,2044997,1321
2023-08-19,2044997,1322
2023-08-20,2045159,1323
2023-08-21,2045159,1324
2023-08-22,2045159,1325
2023-08-23,2045159,1326
2023-08-24,2045159,1327
2023-08-25,2045159,1328
2023-08-26,2045159,1329
2023-08-27,2045286,1330
2023-08-28,2045286,1331
2023-08-29,2045286,1332
2023-08-30,2045286,1333
2023-08-31,2045286,1334
2023-09-01,2045286,1335
2023-09-02,2045286,1336
2023-09-03,2045408,1337
2023-09-04,2045408,1338
2023-09-05,2045408,1339
2023-09-06,2045408,1340
2023-09-07,2045408,1341
2023-09-08,2045408,1342
2023-09-09,2045408,1343
2023-09-10,2045517,1344
2023-09-11,2045517,1345
2023-09-12,2045517,1346
2023-09-13,2045517,1347
2023-09-14,2045517,1348
2023-09-15,2045517,1349
2023-09-16,2045517,1350
2023-09-17,2045602,1351
2023-09-18,2045602,1352
2023-09-19,2045602,1353
2023-09-20,2045602,1354
2023-09-21,2045602,1355
2023-09-22,2045602,1356
2023-09-23,2045602,1357
2023-09-24,2045671,1358
2023-09-25,2045671,1359
2023-09-26,2045671,1360
2023-09-27,2045671,1361
2023-09-28,2045671,1362
2023-09-29,2045671,1363
2023-09-30,2045671,1364
2023-10-01,2045734,1365
2023-10-02,2045734,1366
2023-10-03,2045734,1367
2023-10-04,2045734,1368
2023-10-05,2045734,1369
2023-10-06,2045734,1370
2023-10-07,2045734,1371
2023-10-08,2045789,1372
2023-10-09,2045789,1373
2023-10-10,2045789,1374
2023-10-11,2045789,1375
2023-10-12,2045789,1376
2023-10-13,2045789,1377
2023-10-14,2045789,1378
2023-10-15,2045843,1379
2023-10-16,2045843,1380
2023-10-17,2045843,1381
2023-10-18,2045843,1382
2023-10-19,2045843,1383
2023-10-20,2045843,1384
2023-10-21,2045843,1385
2023-10-22,2045892,1386
2023-10-23,2045892,1387
2023-10-24,2045892,1388
2023-10-25,2045892,1389
2023-10-26,2045892,1390
2023-10-27,2045892,1391
2023-10-28,2045892,1392
2023-10-29,2045923,1393
2023-10-30,2045923,1394
2023-10-31,2045923,1395
2023-11-01,2045923,1396
2023-11-02,2045923,1397
2023-11-03,2045923,1398
2023-11-04,2045923,1399
2023-11-05,2045958,1400
2023-11-06,2045958,1401
2023-11-07,2045958,1402
2023-11-08,2045958,1403
2023-11-09,2045958,1404
2023-11-10,2045958,1405
2023-11-11,2045958,1406
2023-11-12,2045992,1407
2023-11-13,2045992,1408
2023-11-14,2045992,1409
2023-11-15,2045992,1410
2023-11-16,2045992,1411
2023-11-17,2045992,1412
2023-11-18,2045992,1413
2023-11-19,2046026,1414
2023-11-20,2046026,1415
2023-11-21,2046026,1416
2023-11-22,2046026,1417
2023-11-23,2046026,1418
2023-11-24,2046026,1419
2023-11-25,2046026,1420
2023-11-26,2046060,1421
2023-11-27,2046060,1422
2023-11-28,2046060,1423
2023-11-29,2046060,1424
2023-11-30,2046060,1425
2023-12-01,2046060,1426
2023-12-02,2046060,1427
2023-12-03,2046090,1428
2023-12-04,2046090,1429
2023-12-05,2046090,1430
2023-12-06,2046090,1431
2023-12-07,2046090,1432
2023-12-08,2046090,1433
2023-12-09,2046090,1434
2023-12-10,2046133,1435
2023-12-11,2046133,1436
2023-12-12,2046133,1437
2023-12-13,2046133,1438
2023-12-14,2046133,1439
2023-12-15,2046133,1440
2023-12-16,2046133,1441
2023-12-17,2046165,1442
2023-12-18,2046165,1443
2023-12-19,2046165,1444
2023-12-20,2046165,1445
2023-12-21,2046165,1446
2023-12-22,2046165,1447
2023-12-23,2046165,1448
2023-12-24,2046207,1449
2023-12-25,2046207,1450
2023-12-26,2046207,1451
2023-12-27,2046207,1452
2023-12-28,2046207,1453
2023-12-29,2046207,1454
2023-12-30,2046207,1455
2023-12-31,2046292,1456
2024-01-01,2046292,1457
2024-01-02,2046292,1458
2024-01-03,2046292,1459
2024-01-04,2046292,1460
2024-01-05,2046292,1461
2024-01-06,2046292,1462
2024-01-07,2046409,1463
2024-01-08,2046409,1464
2024-01-09,2046409,1465
2024-01-10,2046409,1466
2024-01-11,2046409,1467
2024-01-12,2046409,1468
2024-01-13,2046409,1469
2024-01-14,2046599,1470
2024-01-15,2046599,1471
2024-01-16,2046599,1472
2024-01-17,2046599,1473
2024-01-18,2046599,1474
2024-01-19,2046599,1475
2024-01-20,2046599,1476
2024-01-21,2046758,1477
2024-01-22,2046758,1478
2024-01-23,2046758,1479
2024-01-24,2046758,1480
2024-01-25,2046758,1481
2024-01-26,2046758,1482
2024-01-27,2046758,1483
2024-01-28,2046998,1484
2024-01-29,2046998,1485
2024-01-30,2046998,1486
2024-01-31,2046998,1487
2024-02-01,2046998,1488
2024-02-02,2046998,1489
2024-02-03,2046998,1490
2024-02-04,2047297,1491
2024-02-05,2047297,1492
2024-02-06,2047297,1493
2024-02-07,2047297,1494
2024-02-08,2047297,1495
2024-02-09,2047297,1496
2024-02-10,2047297,1497
2024-02-11,2047552,1498
2024-02-12,2047552,1499
2024-02-13,2047552,1500
2024-02-14,2047552,1501
2024-02-15,2047552,1502
2024-02-16,2047552,1503
2024-02-17,2047552,1504
2024-02-18,2047887,1505
2024-02-19,2047887,1506
2024-02-20,2047887,1507
2024-02-21,2047887,1508
2024-02-22,2047887,1509
2024-02-23,2047887,1510
2024-02-24,2047887,1511
2024-02-25,2048232,1512
2024-02-26,2048232,1513
2024-02-27,2048232,1514
2024-02-28,2048232,1515
2024-02-29,2048232,1516
2024-03-01,2048232,1517
2024-03-02,2048232,1518
2024-03-03,2048588,1519
2024-03-04,2048588,1520
2024-03-05,2048588,1521
2024-03-06,2048588,1522
2024-03-07,2048588,1523
2024-03-08,2048588,1524
2024-03-09,2048588,1525
2024-03-10,2048914,1526
2024-03-11,2048914,1527
2024-03-12,2048914,1528
2024-03-13,2048914,1529
2024-03-14,2048914,1530
2024-03-15,2048914,1531
2024-03-16,2048914,1532
2024-03-17,2049155,1533
2024-03-18,2049155,1534
2024-03-19,2049155,1535
2024-03-20,2049155,1536
2024-03-21,2049155,1537
2024-03-22,2049155,1538
2024-03-23,2049155,1539
2024-03-24,2049377,1540
2024-03-25,2049377,1541
2024-03-26,2049377,1542
2024-03-27,2049377,1543
2024-03-28,2049377,1544
2024-03-29,2049377,1545
2024-03-30,2049377,1546
2024-03-31,2049519,1547
2024-04-01,2049519,1548
2024-04-02,2049519,1549
2024-04-03,2049519,1550
2024-04-04,2049519,1551
2024-04-05,2049519,1552
2024-04-06,2049519,1553
2024-04-07,2049645,1554
2024-04-08,2049645,1555
2024-04-09,2049645,1556
2024-04-10,2049645,1557
2024-04-11,2049645,1558
2024-04-12,2049645,1559
2024-04-13,2049645,1560
2024-04-14,2049728,1561
2024-04-15,2049728,1562
2024-04-16,2049728,1563
2024-04-17,2049728,1564
2024-04-18,2049728,1565
2024-04-19,2049728,1566
2024-04-20,2049728,1567
2024-04-21,2049850,1568
2024-04-22,2049850,1569
2024-04-23,2049850,1570
2024-04-24,2049850,1571
2024-04-25,2049850,1572
2024-04-26,2049850,1573
2024-04-27,2049850,1574
2024-04-28,2049970,1575
2024-04-29,2049970,1576
2024-04-30,2049970,1577
2024-05-01,2049970,1578
2024-05-02,2049970,1579
2024-05-03,2049970,1580
2024-05-04,2049970,1581
2024-05-05,2050060,1582
2024-05-06,2050060,1583
2024-05-07,2050060,1584
2024-05-08,2050060,1585
2024-05-09,2050060,1586
2024-05-10,2050060,1587
2024-05-11,2050060,1588
2024-05-12,2050156,1589
2024-05-13,2050156,1590
2024-05-14,2050156,1591
2024-05-15,2050156,1592
2024-05-16,2050156,1593
2024-05-17,2050156,1594
2024-05-18,2050156,1595
2024-05-19,2050243,1596
2024-05-20,2050243,1597
2024-05-21,2050243,1598
2024-05-22,2050243,1599
2024-05-23,2050243,1600
2024-05-24,2050243,1601
2024-05-25,2050243,1602
2024-05-26,2050367,1603
2024-05-27,2050367,1604
2024-05-28,2050367,1605
2024-05-29,2050367,1606
2024-05-30,2050367,1607
2024-05-31,2050367,1608
2024-06-01,2050367,1609
2024-06-02,2050511,1610
2024-06-03,2050511,1611
2024-06-04,2050511,1612
2024-06-05,2050511,1613
2024-06-06,2050511,1614
2024-06-07,2050511,1615
2024-06-08,2050511,1616
2024-06-09,2050703,1617
2024-06-10,2050703,1618
2024-06-11,2050703,1619
2024-06-12,2050703,1620
2024-06-13,2050703,1621
2024-06-14,2050703,1622
2024-06-15,2050703,1623
2024-06-16,2050834,1624
2024-06-17,2050834,1625
2024-06-18,2050834,1626
2024-06-19,2050834,1627
2024-06-20,2050834,1628
2024-06-21,2050834,1629
2024-06-22,2050834,1630
2024-06-23,2050900,1631
2024-06-24,2050900,1632
2024-06-25,2050900,1633
2024-06-26,2050900,1634
2024-06-27,2050900,1635
2024-06-28,2050900,1636
2024-06-29,2050900,1637
2024-06-30,2051009,1638
2024-07-01,2051009,1639
2024-07-02,2051009,1640
2024-07-03,2051009,1641
2024-07-04,2051009,1642
2024-07-05,2051009,1643
2024-07-06,2051009,1644
2024-07-07,2051130,1645
2024-07-08,2051130,1646
2024-07-09,2051130,1647
2024-07-10,2051130,1648
2024-07-11,2051130,1649
2024-07-12,2051130,1650
2024-07-13,2051130,1651
2024-07-14,2051232,1652
2024-07-15,2051232,1653
2024-07-16,2051232,1654
2024-07-17,2051232,1655
2024-07-18,2051232,1656
2024-07-19,2051232,1657
2024-07-20,2051232,1658
2024-07-21,2051272,1659
2024-07-22,2051272,1660
2024-07-23,2051272,1661
2024-07-24,2051272,1662
2024-07-25,2051272,1663
2024-07-26,2051272,1664
2024-07-27,2051272,1665
2024-07-28,2051308,1666
2024-07-29,2051308,1667
2024-07-30,2051308,1668
2024-07-31,2051308,1669
2024-08-01,2051308,1670
2024-08-02,2051308,1671
2024-08-03,2051308,1672
2024-08-04,2051348,1673
